{
  "meta": {
    "python": "3.12.3",
    "platform": "Linux-6.8.0-x86_64-with-glibc2.39",
    "loops": 3,
    "warmups": 1,
    "seed": 42,
    "group": "all",
    "functions": [
      "ndvi",
      "ndwi",
      "evi",
      "savi",
      "nbr",
      "ndmi",
      "nbr2",
      "gci",
      "delta_ndvi",
      "delta_nbr",
      "normalized_difference",
      "temporal_mean",
      "temporal_std",
      "median",
      "trend_analysis",
      "euclidean_distance",
      "manhattan_distance",
      "chebyshev_distance",
      "minkowski_distance",
      "moving_average_temporal",
      "moving_average_temporal_stride",
      "pixelwise_transform",
      "zonal_stats",
      "binary_dilation",
      "binary_erosion",
      "binary_opening",
      "binary_closing"
    ],
    "shape_info": {
      "height": 1000,
      "width": 1000,
      "time": 24,
      "points_a": 1000,
      "points_b": 1000,
      "point_dim": 32
    },
    "size_sweep": null,
    "sweep_shape_infos": null
  },
  "results": [
    {
      "name": "ndvi",
      "loops": 3,
      "warmups": 1,
      "mean_s": 0.09236832800009627,
      "stdev_s": 0.0004392314730991351,
      "min_s": 0.09175018100017951,
      "max_s": 0.09273038400010591,
      "throughput_elems": 10826221.73261551,
      "elements": 1000000,
      "shape_description": "1000x1000",
      "memory_mb": null,
      "baseline_mean_s": 0.009353571333273672,
      "baseline_min_s": 0.008901897999976427,
      "baseline_max_s": 0.0099139159999595,
      "speedup_vs_numpy": 0.10126383724585687,
      "baseline_throughput_elems": 106911035.83533673,
      "baseline_kind": null
    },
    {
      "name": "ndwi",
      "loops": 3,
      "warmups": 1,
      "mean_s": 0.08788821066658177,
      "stdev_s": 9.94594399749735e-05,
      "min_s": 0.08777778699982264,
      "max_s": 0.08801887599997826,
      "throughput_elems": 11378090.331064569,
      "elements": 1000000,
      "shape_description": "1000x1000",
      "memory_mb": null,
      "baseline_mean_s": 0.0066399160000401025,
      "baseline_min_s": 0.006229641000118136,
      "baseline_max_s": 0.007062071000063952,
      "speedup_vs_numpy": 0.07554956403913722,
      "baseline_throughput_elems": 150604314.87295327,
      "baseline_kind": null
    },
    {
      "name": "evi",
      "loops": 3,
      "warmups": 1,
      "mean_s": 0.10907391133324988,
      "stdev_s": 0.00041090309580822014,
      "min_s": 0.1084934789998897,
      "max_s": 0.10938833000000159,
      "throughput_elems": 9168095.173049524,
      "elements": 1000000,
      "shape_description": "1000x1000",
      "memory_mb": null,
      "baseline_mean_s": 0.016388367666725873,
      "baseline_min_s": 0.015212834000067232,
      "baseline_max_s": 0.018310199000097782,
      "speedup_vs_numpy": 0.15025011449947037,
      "baseline_throughput_elems": 61018889.759859994,
      "baseline_kind": null
    },
    {
      "name": "savi",
      "loops": 3,
      "warmups": 1,
      "mean_s": 0.09024150200010202,
      "stdev_s": 0.0014158472826089922,
      "min_s": 0.08884378800007653,
      "max_s": 0.09218202400006703,
      "throughput_elems": 11081375.839675957,
      "elements": 1000000,
      "shape_description": "1000x1000",
      "memory_mb": null,
      "baseline_mean_s": 0.006853210999982669,
      "baseline_min_s": 0.006640159999960815,
      "baseline_max_s": 0.007219238000061523,
      "speedup_vs_numpy": 0.07594300679940945,
      "baseline_throughput_elems": 145917001.53439444,
      "baseline_kind": null
    },
    {
      "name": "nbr",
      "loops": 3,
      "warmups": 1,
      "mean_s": 0.08742936699991333,
      "stdev_s": 0.00045304968415755566,
      "min_s": 0.08699744299997292,
      "max_s": 0.08805516099982924,
      "throughput_elems": 11437804.41646102,
      "elements": 1000000,
      "shape_description": "1000x1000",
      "memory_mb": null,
      "baseline_mean_s": 0.006725811999937529,
      "baseline_min_s": 0.006378653999945527,
      "baseline_max_s": 0.0069261819999155705,
      "speedup_vs_numpy": 0.076928522197172,
      "baseline_throughput_elems": 148680932.5044007,
      "baseline_kind": null
    },
    {
      "name": "ndmi",
      "loops": 3,
      "warmups": 1,
      "mean_s": 0.08948919866656979,
      "stdev_s": 0.0020650216578781333,
      "min_s": 0.08660249300010037,
      "max_s": 0.09131552599978932,
      "throughput_elems": 11174532.95928961,
      "elements": 1000000,
      "shape_description": "1000x1000",
      "memory_mb": null,
      "baseline_mean_s": 0.006047151000075246,
      "baseline_min_s": 0.005767917000184752,
      "baseline_max_s": 0.006517731000030835,
      "speedup_vs_numpy": 0.06757408816014196,
      "baseline_throughput_elems": 165367129.08071202,
      "baseline_kind": null
    },
    {
      "name": "nbr2",
      "loops": 3,
      "warmups": 1,
      "mean_s": 0.08752431733334258,
      "stdev_s": 0.0007175277168915495,
      "min_s": 0.0865572620000421,
      "max_s": 0.08827406299997165,
      "throughput_elems": 11425396.169517426,
      "elements": 1000000,
      "shape_description": "1000x1000",
      "memory_mb": null,
      "baseline_mean_s": 0.005636349999955807,
      "baseline_min_s": 0.005163136999954077,
      "baseline_max_s": 0.006065001000024495,
      "speedup_vs_numpy": 0.06439753169955463,
      "baseline_throughput_elems": 177419784.08151388,
      "baseline_kind": null
    },
    {
      "name": "gci",
      "loops": 3,
      "warmups": 1,
      "mean_s": 0.08593260933328868,
      "stdev_s": 0.0006027221484706818,
      "min_s": 0.08521069299990813,
      "max_s": 0.0866860450000786,
      "throughput_elems": 11637025.894576423,
      "elements": 1000000,
      "shape_description": "1000x1000",
      "memory_mb": null,
      "baseline_mean_s": 0.002710837333324889,
      "baseline_min_s": 0.002382386000135739,
      "baseline_max_s": 0.003066589999889402,
      "speedup_vs_numpy": 0.03154608424388623,
      "baseline_throughput_elems": 368889710.830964,
      "baseline_kind": null
    },
    {
      "name": "delta_ndvi",
      "loops": 3,
      "warmups": 1,
      "mean_s": 0.25936359533337355,
      "stdev_s": 0.0001696014241753834,
      "min_s": 0.25912897900002463,
      "max_s": 0.25952406999999766,
      "throughput_elems": 3855591.2163179563,
      "elements": 1000000,
      "shape_description": "1000x1000",
      "memory_mb": null,
      "baseline_mean_s": 0.01165136199999021,
      "baseline_min_s": 0.011184402000026239,
      "baseline_max_s": 0.012347277999879225,
      "speedup_vs_numpy": 0.04492288898530307,
      "baseline_throughput_elems": 85826875.86231036,
      "baseline_kind": null
    },
    {
      "name": "delta_nbr",
      "loops": 3,
      "warmups": 1,
      "mean_s": 0.25704177366666653,
      "stdev_s": 0.0009650957615092408,
      "min_s": 0.25583443999994415,
      "max_s": 0.2581966879999982,
      "throughput_elems": 3890418.2216576464,
      "elements": 1000000,
      "shape_description": "1000x1000",
      "memory_mb": null,
      "baseline_mean_s": 0.011696413000057268,
      "baseline_min_s": 0.011204845000065689,
      "baseline_max_s": 0.012088048000123308,
      "speedup_vs_numpy": 0.04550393826345617,
      "baseline_throughput_elems": 85496297.0267127,
      "baseline_kind": null
    },
    {
      "name": "normalized_difference",
      "loops": 3,
      "warmups": 1,
      "mean_s": 0.11325000099994516,
      "stdev_s": 0.013251317535642015,
      "min_s": 0.09451086900003247,
      "max_s": 0.12279226199984805,
      "throughput_elems": 8830021.997090174,
      "elements": 1000000,
      "shape_description": "1000x1000",
      "memory_mb": null,
      "baseline_mean_s": 0.006704671666663368,
      "baseline_min_s": 0.00646557599998232,
      "baseline_max_s": 0.007054155000105311,
      "speedup_vs_numpy": 0.059202398299904785,
      "baseline_throughput_elems": 149149734.6502663,
      "baseline_kind": null
    },
    {
      "name": "temporal_mean",
      "loops": 3,