{
  "meta": {
    "python": "3.12.3",
    "platform": "Linux-6.8.0-x86_64-with-glibc2.39",
    "loops": 3,
    "warmups": 1,
    "seed": 42,
    "group": "all",
    "functions": [
      "ndvi",
      "ndwi",
      "evi",
      "savi",
      "nbr",
      "ndmi",
      "nbr2",
      "gci",
      "delta_ndvi",
      "delta_nbr",
      "normalized_difference",
      "temporal_mean",
      "temporal_std",
      "median",
      "euclidean_distance",
      "manhattan_distance",
      "chebyshev_distance",
      "minkowski_distance",
      "moving_average_temporal",
      "moving_average_temporal_stride",
      "pixelwise_transform"
    ],
    "shape_info": {
      "height": 1000,
      "width": 1000,
      "time": 24,
      "points_a": 1000,
      "points_b": 1000,
      "point_dim": 32
    },
    "size_sweep": null,
    "sweep_shape_infos": null
  },
  "results": [
    {
      "name": "ndvi",
      "loops": 3,
      "warmups": 1,
      "mean_s": 0.19751061466649844,
      "stdev_s": 0.00014508780656399923,
      "min_s": 0.19734916899960808,
      "max_s": 0.1977010059999884,
      "throughput_elems": 5063019.026539534,
      "elements": 1000000,
      "shape_description": "1000x1000",
      "memory_mb": null,
      "baseline_mean_s": 0.00795183866678902,
      "baseline_min_s": 0.007652786000107881,
      "baseline_max_s": 0.008330687000125181,
      "speedup_vs_numpy": 0.040260310465925576,
      "baseline_throughput_elems": 125757078.57058465,
      "baseline_kind": null
    },
    {
      "name": "ndwi",
      "loops": 3,
      "warmups": 1,
      "mean_s": 0.1975983686664525,
      "stdev_s": 0.0003271244928549104,
      "min_s": 0.1972918839992417,
      "max_s": 0.1980517210004109,
      "throughput_elems": 5060770.525327602,
      "elements": 1000000,
      "shape_description": "1000x1000",
      "memory_mb": null,
      "baseline_mean_s": 0.004014373666905158,
      "baseline_min_s": 0.003714632000082929,
      "baseline_max_s": 0.004461696000362281,
      "speedup_vs_numpy": 0.020315823931124907,
      "baseline_throughput_elems": 249104862.42077714,
      "baseline_kind": null
    },
    {
      "name": "evi",
      "loops": 3,
      "warmups": 1,
      "mean_s": 0.10675275433338054,
      "stdev_s": 0.0002875492669986897,
      "min_s": 0.10643760800030577,
      "max_s": 0.10713290100011363,
      "throughput_elems": 9367439.802790267,
      "elements": 1000000,
      "shape_description": "1000x1000",
      "memory_mb": null,
      "baseline_mean_s": 0.012207325333292829,
      "baseline_min_s": 0.011995809999461926,
      "baseline_max_s": 0.01238524000018515,
      "speedup_vs_numpy": 0.1143513852126972,
      "baseline_throughput_elems": 81918026.48797417,
      "baseline_kind": null
    },
    {
      "name": "savi",
      "loops": 3,
      "warmups": 1,
      "mean_s": 0.0870757406667811,
      "stdev_s": 0.0003720850368011185,
      "min_s": 0.08669097700021666,
      "max_s": 0.08757899000011093,
      "throughput_elems": 11484254.883650899,
      "elements": 1000000,
      "shape_description": "1000x1000",
      "memory_mb": null,
      "baseline_mean_s": 0.004491843666680022,
      "baseline_min_s": 0.004183904000456096,
      "baseline_max_s": 0.0049609039997449145,
      "speedup_vs_numpy": 0.0515854775656664,
      "baseline_throughput_elems": 222625735.48983565,
      "baseline_kind": null
    },
    {
      "name": "nbr",
      "loops": 3,
      "warmups": 1,
      "mean_s": 0.19691915866678755,
      "stdev_s": 0.0005947091838023428,
      "min_s": 0.19611832499958837,
      "max_s": 0.197542101000181,
      "throughput_elems": 5078226.043470601,
      "elements": 1000000,
      "shape_description": "1000x1000",
      "memory_mb": null,
      "baseline_mean_s": 0.00366578633353735,
      "baseline_min_s": 0.0034357100003035157,
      "baseline_max_s": 0.004017987999759498,
      "speedup_vs_numpy": 0.018615691628767975,
      "baseline_throughput_elems": 272792767.775703,
      "baseline_kind": null
    },
    {
      "name": "ndmi",
      "loops": 3,
      "warmups": 1,
      "mean_s": 0.19784258366659438,
      "stdev_s": 0.0014110011570737321,
      "min_s": 0.1964158189994123,
      "max_s": 0.19976412300002266,
      "throughput_elems": 5054523.558412514,
      "elements": 1000000,
      "shape_description": "1000x1000",
      "memory_mb": null,
      "baseline_mean_s": 0.0037800966668631495,
      "baseline_min_s": 0.003452010000728478,
      "baseline_max_s": 0.004284836999431718,
      "speedup_vs_numpy": 0.019106587655736407,
      "baseline_throughput_elems": 264543499.3147499,
      "baseline_kind": null
    },
    {
      "name": "nbr2",
      "loops": 3,
      "warmups": 1,
      "mean_s": 0.19692994700017152,
      "stdev_s": 0.0006117095584840882,
      "min_s": 0.19615269099995203,
      "max_s": 0.19764749400019355,
      "throughput_elems": 5077947.845073706,
      "elements": 1000000,
      "shape_description": "1000x1000",
      "memory_mb": null,
      "baseline_mean_s": 0.0034616853333015265,
      "baseline_min_s": 0.0032347189999200054,
      "baseline_max_s": 0.0038314530002026004,
      "speedup_vs_numpy": 0.017578257578561737,
      "baseline_throughput_elems": 288876631.9630404,
      "baseline_kind": null
    },
    {
      "name": "gci",
      "loops": 3,
      "warmups": 1,
      "mean_s": 0.08431571499992667,
      "stdev_s": 0.00031594822489998555,
      "min_s": 0.08391508599925146,
      "max_s": 0.08468736899976648,
      "throughput_elems": 11860185.257290052,
      "elements": 1000000,
      "shape_description": "1000x1000",
      "memory_mb": null,
      "baseline_mean_s": 0.0017259906665761566,
      "baseline_min_s": 0.0015442089998032316,
      "baseline_max_s": 0.00201030200059904,
      "speedup_vs_numpy": 0.020470569057946763,
      "baseline_throughput_elems": 579377408.7919592,
      "baseline_kind": null
    },
    {
      "name": "delta_ndvi",
      "loops": 3,
      "warmups": 1,
      "mean_s": 0.46138447066641675,
      "stdev_s": 0.0007281803435002404,
      "min_s": 0.46055886799967993,
      "max_s": 0.4623303340003986,
      "throughput_elems": 2167389.809534801,
      "elements": 1000000,
      "shape_description": "1000x1000",
      "memory_mb": null,
      "baseline_mean_s": 0.010563472332857296,
      "baseline_min_s": 0.010058559999379213,
      "baseline_max_s": 0.01100913899972511,
      "speedup_vs_numpy": 0.022895162287537716,
      "baseline_throughput_elems": 94665841.73175107,
      "baseline_kind": null
    },
    {
      "name": "delta_nbr",
      "loops": 3,
      "warmups": 1,
      "mean_s": 0.4580173930001668,
      "stdev_s": 0.001153269333513359,
      "min_s": 0.4564886699999988,
      "max_s": 0.45927399399988644,
      "throughput_elems": 2183323.199692628,
      "elements": 1000000,
      "shape_description": "1000x1000",
      "memory_mb": null,
      "baseline_mean_s": 0.009148675000081615,
      "baseline_min_s": 0.009100674999899638,
      "baseline_max_s": 0.009177869999803079,
      "speedup_vs_numpy": 0.019974514374126145,
      "baseline_throughput_elems": 109305445.86960177,
      "baseline_kind": null
    },
    {
      "name": "normalized_difference",
      "loops": 3,
      "warmups": 1,
      "mean_s": 0.19916392600013447,
      "stdev_s": 0.00019873330406985576,
      "min_s": 0.19895214300049702,
      "max_s": 0.19942982799966558,
      "throughput_elems": 5020989.5942668095,
      "elements": 1000000,
      "shape_description": "1000x1000",
      "memory_mb": null,
      "baseline_mean_s": 0.003802900999896034,
      "baseline_min_s": 0.0034089319997292478,
      "baseline_max_s": 0.0042471970000406145,
      "speedup_vs_numpy": 0.01909432634850483,
      "baseline_throughput_elems": 262957147.7215259,
      "baseline_kind": null
    },
    {
      "name": "temporal_mean",
      "loops": 3,
      "warmups": 1,
      "mean_s": 0.9712825270001607,
      "stdev_s": 0.012874200390092311,
      "min_s": 0.9537314280005376,