{
  "meta": {
    "python": "3.12.3",
    "platform": "Linux-6.8.0-x86_64-with-glibc2.39",
    "loops": 3,
    "warmups": 1,
    "seed": 42,
    "group": "all",
    "functions": [
      "ndvi",
      "ndwi",
      "evi",
      "savi",
      "nbr",
      "ndmi",
      "nbr2",
      "gci",
      "delta_ndvi",
      "delta_nbr",
      "normalized_difference",
      "temporal_mean",
      "temporal_std",
      "median",
      "trend_analysis",
      "euclidean_distance",
      "manhattan_distance",
      "chebyshev_distance",
      "minkowski_distance",
      "moving_average_temporal",
      "moving_average_temporal_stride",
      "pixelwise_transform",
      "zonal_stats",
      "binary_dilation",
      "binary_erosion",
      "binary_opening",
      "binary_closing"
    ],
    "shape_info": {
      "height": 1000,
      "width": 1000,
      "time": 24,
      "points_a": 1000,
      "points_b": 1000,
      "point_dim": 32
    },
    "size_sweep": null,
    "sweep_shape_infos": null
  },
  "results": [
    {
      "name": "ndvi",
      "loops": 3,
      "warmups": 1,
      "mean_s": 0.10633664766665636,
      "stdev_s": 0.0022507966088238635,
      "min_s": 0.103156389999981,
      "max_s": 0.10804339099996696,
      "throughput_elems": 9404095.595855113,
      "elements": 1000000,
      "shape_description": "1000x1000",
      "memory_mb": null,
      "baseline_mean_s": 0.012629582333355907,
      "baseline_min_s": 0.012183622000009109,
      "baseline_max_s": 0.013361462000034408,
      "speedup_vs_numpy": 0.11876979959860183,
      "baseline_throughput_elems": 79179182.14594528,
      "baseline_kind": null
    },
    {
      "name": "ndwi",
      "loops": 3,
      "warmups": 1,
      "mean_s": 0.09653249333333254,
      "stdev_s": 0.0011549666727113893,
      "min_s": 0.09539545199999111,
      "max_s": 0.0981165310000165,
      "throughput_elems": 10359206.164363118,
      "elements": 1000000,
      "shape_description": "1000x1000",
      "memory_mb": null,
      "baseline_mean_s": 0.007513567999997879,
      "baseline_min_s": 0.0074833840000110285,
      "baseline_max_s": 0.007553364999978385,
      "speedup_vs_numpy": 0.07783459994193949,
      "baseline_throughput_elems": 133092560.01945843,
      "baseline_kind": null
    },
    {
      "name": "evi",
      "loops": 3,
      "warmups": 1,
      "mean_s": 0.11892793933333223,
      "stdev_s": 0.0008223399537686394,
      "min_s": 0.118039624000005,
      "max_s": 0.12002212499999132,
      "throughput_elems": 8408453.098621272,
      "elements": 1000000,
      "shape_description": "1000x1000",
      "memory_mb": null,
      "baseline_mean_s": 0.018390309666661626,
      "baseline_min_s": 0.01674483799996551,
      "baseline_max_s": 0.0201284620000024,
      "speedup_vs_numpy": 0.15463405630124566,
      "baseline_throughput_elems": 54376463.37260013,
      "baseline_kind": null
    },
    {
      "name": "savi",
      "loops": 3,
      "warmups": 1,
      "mean_s": 0.0974783696666653,
      "stdev_s": 0.0006610543840792012,
      "min_s": 0.09658761400004323,
      "max_s": 0.09816952199997786,
      "throughput_elems": 10258686.14154685,
      "elements": 1000000,
      "shape_description": "1000x1000",
      "memory_mb": null,
      "baseline_mean_s": 0.008572442000001956,
      "baseline_min_s": 0.00853379200003701,
      "baseline_max_s": 0.008635767999976451,
      "speedup_vs_numpy": 0.08794199194463422,
      "baseline_throughput_elems": 116652874.40845582,
      "baseline_kind": null
    },
    {
      "name": "nbr",
      "loops": 3,
      "warmups": 1,
      "mean_s": 0.09660090599999194,
      "stdev_s": 0.0017771830372831305,
      "min_s": 0.09532858399995803,
      "max_s": 0.0991141570000309,
      "throughput_elems": 10351869.784741806,
      "elements": 1000000,
      "shape_description": "1000x1000",
      "memory_mb": null,
      "baseline_mean_s": 0.007386444999989787,
      "baseline_min_s": 0.007329847999983485,
      "baseline_max_s": 0.007444118000023536,
      "speedup_vs_numpy": 0.07646351681205146,
      "baseline_throughput_elems": 135383124.08762032,
      "baseline_kind": null
    },
    {
      "name": "ndmi",
      "loops": 3,
      "warmups": 1,
      "mean_s": 0.09933995966667908,
      "stdev_s": 0.007324865961530774,
      "min_s": 0.09399804999998196,
      "max_s": 0.10969716800002516,
      "throughput_elems": 10066442.58116629,
      "elements": 1000000,
      "shape_description": "1000x1000",
      "memory_mb": null,
      "baseline_mean_s": 0.006393614666649228,
      "baseline_min_s": 0.006307056999958149,
      "baseline_max_s": 0.006441607999988719,
      "speedup_vs_numpy": 0.0643609549279271,
      "baseline_throughput_elems": 156406047.61751792,
      "baseline_kind": null
    },
    {
      "name": "nbr2",
      "loops": 3,
      "warmups": 1,
      "mean_s": 0.10865941933334018,
      "stdev_s": 0.004032237772418187,
      "min_s": 0.10319865399998207,
      "max_s": 0.1128122800000142,
      "throughput_elems": 9203067.770243164,
      "elements": 1000000,
      "shape_description": "1000x1000",
      "memory_mb": null,
      "baseline_mean_s": 0.00678550699999884,
      "baseline_min_s": 0.0066955300000017814,
      "baseline_max_s": 0.0068694050000317475,
      "speedup_vs_numpy": 0.062447480776448704,
      "baseline_throughput_elems": 147372922.90762812,
      "baseline_kind": null
    },
    {
      "name": "gci",
      "loops": 3,
      "warmups": 1,
      "mean_s": 0.10395336666666329,
      "stdev_s": 0.0004846688106681918,
      "min_s": 0.10348557200001096,
      "max_s": 0.10462112099997967,
      "throughput_elems": 9619698.063330634,
      "elements": 1000000,
      "shape_description": "1000x1000",
      "memory_mb": null,
      "baseline_mean_s": 0.0035858833333198468,
      "baseline_min_s": 0.0035000209999793697,
      "baseline_max_s": 0.0037366309999811165,
      "speedup_vs_numpy": 0.034495114956866524,
      "baseline_throughput_elems": 278871314.8328197,
      "baseline_kind": null
    },
    {
      "name": "delta_ndvi",
      "loops": 3,
      "warmups": 1,
      "mean_s": 0.31571516200002253,
      "stdev_s": 0.017587073392185206,
      "min_s": 0.29628083600005084,
      "max_s": 0.33887434700000085,
      "throughput_elems": 3167412.023119525,
      "elements": 1000000,
      "shape_description": "1000x1000",
      "memory_mb": null,
      "baseline_mean_s": 0.014863690333337823,
      "baseline_min_s": 0.014149572000007993,
      "baseline_max_s": 0.016068686999972215,
      "speedup_vs_numpy": 0.04707943146973968,
      "baseline_throughput_elems": 67278043.175933,
      "baseline_kind": null
    },
    {
      "name": "delta_nbr",
      "loops": 3,
      "warmups": 1,
      "mean_s": 0.30820007999998705,
      "stdev_s": 0.01686454552357986,
      "min_s": 0.28437690900000234,
      "max_s": 0.3210923469999898,
      "throughput_elems": 3244645.4913316118,
      "elements": 1000000,
      "shape_description": "1000x1000",
      "memory_mb": null,
      "baseline_mean_s": 0.015489164666651808,
      "baseline_min_s": 0.015192983000019922,
      "baseline_max_s": 0.015941045999966263,
      "speedup_vs_numpy": 0.050256848300144694,
      "baseline_throughput_elems": 64561260.82467193,
      "baseline_kind": null
    },
    {
      "name": "normalized_difference",
      "loops": 3,
      "warmups": 1,
      "mean_s": 0.0954733489999929,
      "stdev_s": 0.0021482540264174577,
      "min_s": 0.09391212999997833,
      "max_s": 0.09851104500000929,
      "throughput_elems": 10474127.182865184,
      "elements": 1000000,
      "shape_description": "1000x1000",
      "memory_mb": null,
      "baseline_mean_s": 0.007152290666643542,
      "baseline_min_s": 0.007034736999969482,
      "baseline_max_s": 0.007244691999972019,
      "speedup_vs_numpy": 0.07491400209124406,
      "baseline_throughput_elems": 139815346.80403087,
      "baseline_kind": null
    },
    {
      "name": "temporal_mean",
      "loops": 3,