{
  "meta": {
    "python": "3.12.3",
    "platform": "Linux-6.8.0-x86_64-with-glibc2.39",
    "loops": 3,
    "warmups": 1,
    "seed": 42,
    "group": "all",
    "functions": [
      "ndvi",
      "ndwi",
      "evi",
      "savi",
      "nbr",
      "ndmi",
      "nbr2",
      "gci",
      "delta_ndvi",
      "delta_nbr",
      "normalized_difference",
      "temporal_mean",
      "temporal_std",
      "median",
      "trend_analysis",
      "euclidean_distance",
      "manhattan_distance",
      "chebyshev_distance",
      "minkowski_distance",
      "moving_average_temporal",
      "moving_average_temporal_stride",
      "pixelwise_transform",
      "zonal_stats",
      "binary_dilation",
      "binary_erosion",
      "binary_opening",
      "binary_closing",
      "texture_entropy"
    ],
    "shape_info": {
      "height": 1000,
      "width": 1000,
      "time": 24,
      "points_a": 1000,
      "points_b": 1000,
      "point_dim": 32
    },
    "size_sweep": null,
    "sweep_shape_infos": null
  },
  "results": [
    {
      "name": "ndvi",
      "loops": 3,
      "warmups": 1,
      "mean_s": 0.09583906233327373,
      "stdev_s": 0.0023182746513790054,
      "min_s": 0.09265420499991706,
      "max_s": 0.09810536700001649,
      "throughput_elems": 10434158.845613169,
      "elements": 1000000,
      "shape_description": "1000x1000",
      "memory_mb": null,
      "baseline_mean_s": 0.010225080000054731,
      "baseline_min_s": 0.009570511000219994,
      "baseline_max_s": 0.011417318999974668,
      "speedup_vs_numpy": 0.10669010892967339,
      "baseline_throughput_elems": 97798745.82836,
      "baseline_kind": null
    },
    {
      "name": "ndwi",
      "loops": 3,
      "warmups": 1,
      "mean_s": 0.09248933366666279,
      "stdev_s": 0.004167432333848163,
      "min_s": 0.08867518100009875,
      "max_s": 0.09828747899996415,
      "throughput_elems": 10812057.567676518,
      "elements": 1000000,
      "shape_description": "1000x1000",
      "memory_mb": null,
      "baseline_mean_s": 0.007375526000032551,
      "baseline_min_s": 0.007214942000018709,
      "baseline_max_s": 0.0075302620000456955,
      "speedup_vs_numpy": 0.07974461170424686,
      "baseline_throughput_elems": 135583550.2438181,
      "baseline_kind": null
    },
    {
      "name": "evi",
      "loops": 3,
      "warmups": 1,
      "mean_s": 0.11122772733339541,
      "stdev_s": 0.002244688658138599,
      "min_s": 0.10809424100011711,
      "max_s": 0.11323479800012137,
      "throughput_elems": 8990563.98952203,
      "elements": 1000000,
      "shape_description": "1000x1000",
      "memory_mb": null,
      "baseline_mean_s": 0.014637184000093839,
      "baseline_min_s": 0.014337169000100403,
      "baseline_max_s": 0.014805687000034595,
      "speedup_vs_numpy": 0.1315965393792517,
      "baseline_throughput_elems": 68319152.0987636,
      "baseline_kind": null
    },
    {
      "name": "savi",
      "loops": 3,
      "warmups": 1,
      "mean_s": 0.08981258699994517,
      "stdev_s": 0.002133280496786816,
      "min_s": 0.08787395900003503,
      "max_s": 0.09278380499995365,
      "throughput_elems": 11134296.799630217,
      "elements": 1000000,
      "shape_description": "1000x1000",
      "memory_mb": null,
      "baseline_mean_s": 0.008702975999995033,
      "baseline_min_s": 0.008387721999952191,
      "baseline_max_s": 0.008997184000008929,
      "speedup_vs_numpy": 0.09690151782400329,
      "baseline_throughput_elems": 114903223.90876073,
      "baseline_kind": null
    },
    {
      "name": "nbr",
      "loops": 3,
      "warmups": 1,
      "mean_s": 0.09090937300000708,
      "stdev_s": 0.0023152115742969995,
      "min_s": 0.08782947100007732,
      "max_s": 0.09341159199993854,
      "throughput_elems": 10999965.867105057,
      "elements": 1000000,
      "shape_description": "1000x1000",
      "memory_mb": null,
      "baseline_mean_s": 0.006914475333284524,
      "baseline_min_s": 0.006882795999899827,
      "baseline_max_s": 0.006960087999914322,
      "speedup_vs_numpy": 0.07605899265506963,
      "baseline_throughput_elems": 144624132.96729177,
      "baseline_kind": null
    },
    {
      "name": "ndmi",
      "loops": 3,
      "warmups": 1,
      "mean_s": 0.08783698199992311,
      "stdev_s": 0.0001443358651079121,
      "min_s": 0.0876537939998343,
      "max_s": 0.08800655599998208,
      "throughput_elems": 11384726.310392532,
      "elements": 1000000,
      "shape_description": "1000x1000",
      "memory_mb": null,
      "baseline_mean_s": 0.006922051666682212,
      "baseline_min_s": 0.006837830999984362,
      "baseline_max_s": 0.007028904999970109,
      "speedup_vs_numpy": 0.07880566373157347,
      "baseline_throughput_elems": 144465838.76472378,
      "baseline_kind": null
    },
    {
      "name": "nbr2",
      "loops": 3,
      "warmups": 1,
      "mean_s": 0.08765576166668627,
      "stdev_s": 0.0003215342817619761,
      "min_s": 0.08739394300005188,
      "max_s": 0.08810864099996252,
      "throughput_elems": 11408263.19897294,
      "elements": 1000000,
      "shape_description": "1000x1000",
      "memory_mb": null,
      "baseline_mean_s": 0.008630078666707655,
      "baseline_min_s": 0.006894614000202637,
      "baseline_max_s": 0.011972814000046128,
      "speedup_vs_numpy": 0.0984542088576424,
      "baseline_throughput_elems": 115873798.90958706,
      "baseline_kind": null
    },
    {
      "name": "gci",
      "loops": 3,
      "warmups": 1,
      "mean_s": 0.08481153633329086,
      "stdev_s": 0.00025889264557669316,
      "min_s": 0.08455221300005178,
      "max_s": 0.08516503199984982,
      "throughput_elems": 11790848.783474667,
      "elements": 1000000,
      "shape_description": "1000x1000",
      "memory_mb": null,
      "baseline_mean_s": 0.0035326659999554977,
      "baseline_min_s": 0.003433213999869622,
      "baseline_max_s": 0.003723777000004702,
      "speedup_vs_numpy": 0.04165313060799759,
      "baseline_throughput_elems": 283072331.21178097,
      "baseline_kind": null
    },
    {
      "name": "delta_ndvi",
      "loops": 3,
      "warmups": 1,
      "mean_s": 0.256908564333268,
      "stdev_s": 0.0011083112823482488,
      "min_s": 0.2553694480000104,
      "max_s": 0.2579347769999458,
      "throughput_elems": 3892435.4374686237,
      "elements": 1000000,
      "shape_description": "1000x1000",
      "memory_mb": null,
      "baseline_mean_s": 0.013440763666721978,
      "baseline_min_s": 0.012216205000186164,
      "baseline_max_s": 0.014975044000038906,
      "speedup_vs_numpy": 0.052317304802989344,
      "baseline_throughput_elems": 74400534.43361278,
      "baseline_kind": null
    },
    {
      "name": "delta_nbr",
      "loops": 3,
      "warmups": 1,
      "mean_s": 0.2672775463333134,
      "stdev_s": 0.012686507755733824,
      "min_s": 0.2572712119999778,
      "max_s": 0.28517746400007127,
      "throughput_elems": 3741429.1388058895,
      "elements": 1000000,
      "shape_description": "1000x1000",
      "memory_mb": null,
      "baseline_mean_s": 0.014955349333301152,
      "baseline_min_s": 0.014681042999882266,
      "baseline_max_s": 0.01526072199999362,
      "speedup_vs_numpy": 0.055954379776634165,
      "baseline_throughput_elems": 66865706.55847503,
      "baseline_kind": null
    },
    {
      "name": "normalized_difference",
      "loops": 3,
      "warmups": 1,
      "mean_s": 0.08800540900006126,
      "stdev_s": 0.0005085394278285304,
      "min_s": 0.08729094700015594,
      "max_s": 0.08843389000003299,
      "throughput_elems": 11362937.930318622,
      "elements": 1000000,
      "shape_description": "1000x1000",
      "memory_mb": null,
      "baseline_mean_s": 0.006917182333230206,
      "baseline_min_s": 0.006792593999989549,
      "baseline_max_s": 0.00707390099978511,
      "speedup_vs_numpy": 0.07859951350519137,
      "baseline_throughput_elems": 144567535.13580105,
      "baseline_kind": null
    },
    {
      "name": "temporal_mean",