{
  "meta": {
    "python": "3.12.3",
    "platform": "Linux-6.8.0-x86_64-with-glibc2.39",
    "loops": 3,
    "warmups": 1,
    "seed": 42,
    "group": "all",
    "functions": [
      "ndvi",
      "ndwi",
      "evi",
      "savi",
      "nbr",
      "ndmi",
      "nbr2",
      "gci",
      "delta_ndvi",
      "delta_nbr",
      "normalized_difference",
      "temporal_mean",
      "temporal_std",
      "median",
      "euclidean_distance",
      "manhattan_distance",
      "chebyshev_distance",
      "minkowski_distance",
      "moving_average_temporal",
      "moving_average_temporal_stride",
      "pixelwise_transform"
    ],
    "shape_info": {
      "height": 1000,
      "width": 1000,
      "time": 24,
      "points_a": 1000,
      "points_b": 1000,
      "point_dim": 32
    },
    "size_sweep": null,
    "sweep_shape_infos": null
  },
  "results": [
    {
      "name": "ndvi",
      "loops": 3,
      "warmups": 1,
      "mean_s": 0.18154978166671754,
      "stdev_s": 0.002228349575020826,
      "min_s": 0.1787701640000705,
      "max_s": 0.18422551699995893,
      "throughput_elems": 5508131.107729799,
      "elements": 1000000,
      "shape_description": "1000x1000",
      "memory_mb": null,
      "baseline_mean_s": 0.0065801203333345866,
      "baseline_min_s": 0.006291124999961539,
      "baseline_max_s": 0.007024092999927234,
      "speedup_vs_numpy": 0.03624416550064561,
      "baseline_throughput_elems": 151972904.64948583,
      "baseline_kind": null
    },
    {
      "name": "ndwi",
      "loops": 3,
      "warmups": 1,
      "mean_s": 0.17541483400001803,
      "stdev_s": 0.00015882127223356345,
      "min_s": 0.17521424899996418,
      "max_s": 0.17560265099996286,
      "throughput_elems": 5700772.147923917,
      "elements": 1000000,
      "shape_description": "1000x1000",
      "memory_mb": null,
      "baseline_mean_s": 0.003935611333342119,
      "baseline_min_s": 0.0036680680000245047,
      "baseline_max_s": 0.004423882000082813,
      "speedup_vs_numpy": 0.02243602347417046,
      "baseline_throughput_elems": 254090131.18955538,
      "baseline_kind": null
    },
    {
      "name": "evi",
      "loops": 3,
      "warmups": 1,
      "mean_s": 0.09723255200007468,
      "stdev_s": 0.002526964165486338,
      "min_s": 0.0937670230000549,
      "max_s": 0.09972089799998685,
      "throughput_elems": 10284621.553481719,
      "elements": 1000000,
      "shape_description": "1000x1000",
      "memory_mb": null,
      "baseline_mean_s": 0.01106152733344364,
      "baseline_min_s": 0.010753783000154726,
      "baseline_max_s": 0.011544322000190732,
      "speedup_vs_numpy": 0.11376362242796163,
      "baseline_throughput_elems": 90403428.9167808,
      "baseline_kind": null
    },
    {
      "name": "savi",
      "loops": 3,
      "warmups": 1,
      "mean_s": 0.07679962766671149,
      "stdev_s": 0.0009743050158264981,
      "min_s": 0.07599688699997387,
      "max_s": 0.0781708490001165,
      "throughput_elems": 13020896.45980727,
      "elements": 1000000,
      "shape_description": "1000x1000",
      "memory_mb": null,
      "baseline_mean_s": 0.004906425000020438,
      "baseline_min_s": 0.004679638999959934,
      "baseline_max_s": 0.005316573000072822,
      "speedup_vs_numpy": 0.063886051913076,
      "baseline_throughput_elems": 203814386.23760363,
      "baseline_kind": null
    },
    {
      "name": "nbr",
      "loops": 3,
      "warmups": 1,
      "mean_s": 0.1755174630000814,
      "stdev_s": 0.00045069188293109263,
      "min_s": 0.1751748490000864,
      "max_s": 0.1761542230001396,
      "throughput_elems": 5697438.778496566,
      "elements": 1000000,
      "shape_description": "1000x1000",
      "memory_mb": null,
      "baseline_mean_s": 0.0039193483333595696,
      "baseline_min_s": 0.003649205000101574,
      "baseline_max_s": 0.004318614000112575,
      "speedup_vs_numpy": 0.022330247180918698,
      "baseline_throughput_elems": 255144456.41090146,
      "baseline_kind": null
    },
    {
      "name": "ndmi",
      "loops": 3,
      "warmups": 1,
      "mean_s": 0.18025552399997954,
      "stdev_s": 0.00221735996823321,
      "min_s": 0.1776733990000139,
      "max_s": 0.1830875279999873,
      "throughput_elems": 5547680.192037351,
      "elements": 1000000,
      "shape_description": "1000x1000",
      "memory_mb": null,
      "baseline_mean_s": 0.004175898000009208,
      "baseline_min_s": 0.0039683879999756755,
      "baseline_max_s": 0.004564335000168285,
      "speedup_vs_numpy": 0.023166546618619475,
      "baseline_throughput_elems": 239469450.64218402,
      "baseline_kind": null
    },
    {
      "name": "nbr2",
      "loops": 3,
      "warmups": 1,
      "mean_s": 0.17798173899996073,
      "stdev_s": 0.0009908143369043768,
      "min_s": 0.1769166320000295,
      "max_s": 0.17930279099982727,
      "throughput_elems": 5618553.934908011,
      "elements": 1000000,
      "shape_description": "1000x1000",
      "memory_mb": null,
      "baseline_mean_s": 0.004088886666674322,
      "baseline_min_s": 0.0037958399998387904,
      "baseline_max_s": 0.004661307000105808,
      "speedup_vs_numpy": 0.022973630270435915,
      "baseline_throughput_elems": 244565350.30679768,
      "baseline_kind": null
    },
    {
      "name": "gci",
      "loops": 3,
      "warmups": 1,
      "mean_s": 0.07430587900004564,
      "stdev_s": 0.0015451783062055417,
      "min_s": 0.0730594149999888,
      "max_s": 0.0764834950000477,
      "throughput_elems": 13457885.344433997,
      "elements": 1000000,
      "shape_description": "1000x1000",
      "memory_mb": null,
      "baseline_mean_s": 0.001758295000020856,
      "baseline_min_s": 0.0016162770000391902,
      "baseline_max_s": 0.0019207380000807461,
      "speedup_vs_numpy": 0.02366293251197225,
      "baseline_throughput_elems": 568732778.0538183,
      "baseline_kind": null
    },
    {
      "name": "delta_ndvi",
      "loops": 3,
      "warmups": 1,
      "mean_s": 0.4233643503332587,
      "stdev_s": 0.005660408599737179,
      "min_s": 0.41576575699991736,
      "max_s": 0.42934455799991156,
      "throughput_elems": 2362031.661883747,
      "elements": 1000000,
      "shape_description": "1000x1000",
      "memory_mb": null,
      "baseline_mean_s": 0.009954546000017217,
      "baseline_min_s": 0.009437266000077216,
      "baseline_max_s": 0.010635858999876291,
      "speedup_vs_numpy": 0.023512952831718874,
      "baseline_throughput_elems": 100456615.49992038,
      "baseline_kind": null
    },
    {
      "name": "delta_nbr",
      "loops": 3,
      "warmups": 1,
      "mean_s": 0.416269844999988,
      "stdev_s": 0.004271597752867154,
      "min_s": 0.41259597899988876,
      "max_s": 0.4222597110001516,
      "throughput_elems": 2402287.871705021,
      "elements": 1000000,
      "shape_description": "1000x1000",
      "memory_mb": null,
      "baseline_mean_s": 0.00982907800001461,
      "baseline_min_s": 0.009388722000039706,
      "baseline_max_s": 0.010687959000051706,
      "speedup_vs_numpy": 0.02361227486947774,
      "baseline_throughput_elems": 101738942.35029101,
      "baseline_kind": null
    },
    {
      "name": "normalized_difference",
      "loops": 3,
      "warmups": 1,
      "mean_s": 0.17808339133337844,
      "stdev_s": 0.0017475777427303086,
      "min_s": 0.17674500300017826,
      "max_s": 0.1805519130000448,
      "throughput_elems": 5615346.790695177,
      "elements": 1000000,
      "shape_description": "1000x1000",
      "memory_mb": null,
      "baseline_mean_s": 0.003993504666671773,
      "baseline_min_s": 0.003741667000213056,
      "baseline_max_s": 0.004285558999981731,
      "speedup_vs_numpy": 0.022424913613621554,
      "baseline_throughput_elems": 250406618.61387286,
      "baseline_kind": null
    },
    {
      "name": "temporal_mean",
      "loops": 3,
      "warmups": 1,
      "mean_s": 0.8493378666666255,
      "stdev_s": 0.0019712083020389055,
      "min_s": 0.8466997660000288,