{
  "meta": {
    "python": "3.12.3",
    "platform": "Linux-6.8.0-x86_64-with-glibc2.39",
    "loops": 3,
    "warmups": 1,
    "seed": 42,
    "group": "all",
    "functions": [
      "ndvi",
      "ndwi",
      "evi",
      "savi",
      "nbr",
      "ndmi",
      "nbr2",
      "gci",
      "delta_ndvi",
      "delta_nbr",
      "normalized_difference",
      "temporal_mean",
      "temporal_std",
      "median",
      "trend_analysis",
      "euclidean_distance",
      "manhattan_distance",
      "chebyshev_distance",
      "minkowski_distance",
      "moving_average_temporal",
      "moving_average_temporal_stride",
      "pixelwise_transform",
      "zonal_stats",
      "binary_dilation",
      "binary_erosion",
      "binary_opening",
      "binary_closing"
    ],
    "shape_info": {
      "height": 1000,
      "width": 1000,
      "time": 24,
      "points_a": 1000,
      "points_b": 1000,
      "point_dim": 32
    },
    "size_sweep": null,
    "sweep_shape_infos": null
  },
  "results": [
    {
      "name": "ndvi",
      "loops": 3,
      "warmups": 1,
      "mean_s": 0.09387679066670292,
      "stdev_s": 0.0013092775713215471,
      "min_s": 0.09290173099998356,
      "max_s": 0.09572749900007693,
      "throughput_elems": 10652260.190171681,
      "elements": 1000000,
      "shape_description": "1000x1000",
      "memory_mb": null,
      "baseline_mean_s": 0.010378750666632186,
      "baseline_min_s": 0.009904658000095878,
      "baseline_max_s": 0.011211459999913131,
      "speedup_vs_numpy": 0.11055715254988384,
      "baseline_throughput_elems": 96350710.41980155,
      "baseline_kind": null
    },
    {
      "name": "ndwi",
      "loops": 3,
      "warmups": 1,
      "mean_s": 0.08910674300007788,
      "stdev_s": 0.0011233707830739137,
      "min_s": 0.08752430900017316,
      "max_s": 0.09001990199999454,
      "throughput_elems": 11222495.249311559,
      "elements": 1000000,
      "shape_description": "1000x1000",
      "memory_mb": null,
      "baseline_mean_s": 0.005378004333351782,
      "baseline_min_s": 0.00531672800002525,
      "baseline_max_s": 0.005416114000126981,
      "speedup_vs_numpy": 0.06035462808181735,
      "baseline_throughput_elems": 185942579.81505957,
      "baseline_kind": null
    },
    {
      "name": "evi",
      "loops": 3,
      "warmups": 1,
      "mean_s": 0.1083671773333208,
      "stdev_s": 0.0004635353251818837,
      "min_s": 0.10796050899989496,
      "max_s": 0.10901577899994663,
      "throughput_elems": 9227886.382277481,
      "elements": 1000000,
      "shape_description": "1000x1000",
      "memory_mb": null,
      "baseline_mean_s": 0.013907312333230948,
      "baseline_min_s": 0.01380800799984172,
      "baseline_max_s": 0.013966621000008672,
      "speedup_vs_numpy": 0.12833509809390153,
      "baseline_throughput_elems": 71904619.38577028,
      "baseline_kind": null
    },
    {
      "name": "savi",
      "loops": 3,
      "warmups": 1,
      "mean_s": 0.08840044233337115,
      "stdev_s": 0.00025117552424360466,
      "min_s": 0.08805187000007209,
      "max_s": 0.08863394600007268,
      "throughput_elems": 11312160.591107136,
      "elements": 1000000,
      "shape_description": "1000x1000",
      "memory_mb": null,
      "baseline_mean_s": 0.006649225999960133,
      "baseline_min_s": 0.006521386000031271,
      "baseline_max_s": 0.006736345000035726,
      "speedup_vs_numpy": 0.07521711231811395,
      "baseline_throughput_elems": 150393444.29050776,
      "baseline_kind": null
    },
    {
      "name": "nbr",
      "loops": 3,
      "warmups": 1,
      "mean_s": 0.08648956866674477,
      "stdev_s": 0.00031617730938168857,
      "min_s": 0.08621417099993778,
      "max_s": 0.08693234000020311,
      "throughput_elems": 11562087.953671342,
      "elements": 1000000,
      "shape_description": "1000x1000",
      "memory_mb": null,
      "baseline_mean_s": 0.005279478333325945,
      "baseline_min_s": 0.0052268229999299365,
      "baseline_max_s": 0.005384121999895797,
      "speedup_vs_numpy": 0.061041792839416756,
      "baseline_throughput_elems": 189412653.46002924,
      "baseline_kind": null
    },
    {
      "name": "ndmi",
      "loops": 3,
      "warmups": 1,
      "mean_s": 0.08707394799997321,
      "stdev_s": 0.0011226589203446964,
      "min_s": 0.08608643200000188,
      "max_s": 0.08864434599991,
      "throughput_elems": 11484491.319956087,
      "elements": 1000000,
      "shape_description": "1000x1000",
      "memory_mb": null,
      "baseline_mean_s": 0.005266952666791743,
      "baseline_min_s": 0.005218709000018862,
      "baseline_max_s": 0.005310374000146112,
      "speedup_vs_numpy": 0.060488272184389326,
      "baseline_throughput_elems": 189863107.42927745,
      "baseline_kind": null
    },
    {
      "name": "nbr2",
      "loops": 3,
      "warmups": 1,
      "mean_s": 0.08684466666666897,
      "stdev_s": 0.00021303700336434113,
      "min_s": 0.08654747900004622,
      "max_s": 0.08703611800001454,
      "throughput_elems": 11514811.886356177,
      "elements": 1000000,
      "shape_description": "1000x1000",
      "memory_mb": null,
      "baseline_mean_s": 0.00534260499997193,
      "baseline_min_s": 0.005317542000057074,
      "baseline_max_s": 0.005372019999867916,
      "speedup_vs_numpy": 0.06151909155778272,
      "baseline_throughput_elems": 187174608.64227358,
      "baseline_kind": null
    },
    {
      "name": "gci",
      "loops": 3,
      "warmups": 1,
      "mean_s": 0.08461203199991967,
      "stdev_s": 0.0001757312732530645,
      "min_s": 0.08440616999996564,
      "max_s": 0.08483553599990046,
      "throughput_elems": 11818650.094598241,
      "elements": 1000000,
      "shape_description": "1000x1000",
      "memory_mb": null,
      "baseline_mean_s": 0.0027762006665549657,
      "baseline_min_s": 0.002707409999857191,
      "baseline_max_s": 0.0028308689998084446,
      "speedup_vs_numpy": 0.03281094427040355,
      "baseline_throughput_elems": 360204509.7269272,
      "baseline_kind": null
    },
    {
      "name": "delta_ndvi",
      "loops": 3,
      "warmups": 1,
      "mean_s": 0.2581893943333853,
      "stdev_s": 0.0008779935409651856,
      "min_s": 0.2569844990000547,
      "max_s": 0.25905160999991494,
      "throughput_elems": 3873125.7826522375,
      "elements": 1000000,
      "shape_description": "1000x1000",
      "memory_mb": null,
      "baseline_mean_s": 0.013129013000025225,
      "baseline_min_s": 0.012587229000018851,
      "baseline_max_s": 0.013778659000081461,
      "speedup_vs_numpy": 0.0508503187511741,
      "baseline_throughput_elems": 76167187.8912816,
      "baseline_kind": null
    },
    {
      "name": "delta_nbr",
      "loops": 3,
      "warmups": 1,
      "mean_s": 0.256495131666649,
      "stdev_s": 0.0014057611566669912,
      "min_s": 0.25532842899997377,
      "max_s": 0.2584725240001262,
      "throughput_elems": 3898709.4745316207,
      "elements": 1000000,
      "shape_description": "1000x1000",
      "memory_mb": null,
      "baseline_mean_s": 0.012647723000024294,
      "baseline_min_s": 0.012294844000052763,
      "baseline_max_s": 0.013268717000073593,
      "speedup_vs_numpy": 0.04930979749144621,
      "baseline_throughput_elems": 79065615.2097954,
      "baseline_kind": null
    },
    {
      "name": "normalized_difference",
      "loops": 3,
      "warmups": 1,
      "mean_s": 0.08678182366664562,
      "stdev_s": 0.0004923855546579965,
      "min_s": 0.08625999099990622,
      "max_s": 0.08744203099990955,
      "throughput_elems": 11523150.329742927,
      "elements": 1000000,
      "shape_description": "1000x1000",
      "memory_mb": null,
      "baseline_mean_s": 0.005428284666625889,
      "baseline_min_s": 0.00538742399999137,
      "baseline_max_s": 0.005483539999886489,
      "speedup_vs_numpy": 0.06255094024616858,
      "baseline_throughput_elems": 184220257.6714864,
      "baseline_kind": null
    },
    {
      "name": "temporal_mean",
      "loops": 3,