{
  "meta": {
    "python": "3.12.3",
    "platform": "Linux-6.8.0-x86_64-with-glibc2.39",
    "loops": 3,
    "warmups": 1,
    "seed": 42,
    "group": "all",
    "functions": [
      "ndvi",
      "ndwi",
      "evi",
      "savi",
      "nbr",
      "ndmi",
      "nbr2",
      "gci",
      "delta_ndvi",
      "delta_nbr",
      "normalized_difference",
      "temporal_mean",
      "temporal_std",
      "median",
      "euclidean_distance",
      "manhattan_distance",
      "chebyshev_distance",
      "minkowski_distance",
      "moving_average_temporal",
      "moving_average_temporal_stride",
      "pixelwise_transform"
    ],
    "shape_info": {
      "height": 1000,
      "width": 1000,
      "time": 24,
      "points_a": 1000,
      "points_b": 1000,
      "point_dim": 32
    },
    "size_sweep": null,
    "sweep_shape_infos": null
  },
  "results": [
    {
      "name": "ndvi",
      "loops": 3,
      "warmups": 1,
      "mean_s": 0.20422184800001256,
      "stdev_s": 0.0008479439758066188,
      "min_s": 0.20333733500001472,
      "max_s": 0.2053653469999972,
      "throughput_elems": 4896635.740951372,
      "elements": 1000000,
      "shape_description": "1000x1000",
      "memory_mb": null,
      "baseline_mean_s": 0.010451257999989139,
      "baseline_min_s": 0.009851599999933569,
      "baseline_max_s": 0.011544469999989815,
      "speedup_vs_numpy": 0.05117600346065077,
      "baseline_throughput_elems": 95682261.40824762,
      "baseline_kind": null
    },
    {
      "name": "ndwi",
      "loops": 3,
      "warmups": 1,
      "mean_s": 0.20255364599999362,
      "stdev_s": 0.002732396173323985,
      "min_s": 0.20053381499997158,
      "max_s": 0.2064164890000484,
      "throughput_elems": 4936963.711825911,
      "elements": 1000000,
      "shape_description": "1000x1000",
      "memory_mb": null,
      "baseline_mean_s": 0.0051733350000328455,
      "baseline_min_s": 0.004958140999974603,
      "baseline_max_s": 0.005566673000089395,
      "speedup_vs_numpy": 0.025540567164281054,
      "baseline_throughput_elems": 193298906.79680535,
      "baseline_kind": null
    },
    {
      "name": "evi",
      "loops": 3,
      "warmups": 1,
      "mean_s": 0.10933990366667483,
      "stdev_s": 7.685930857088858e-05,
      "min_s": 0.10926882800004023,
      "max_s": 0.10944666099999267,
      "throughput_elems": 9145791.851513997,
      "elements": 1000000,
      "shape_description": "1000x1000",
      "memory_mb": null,
      "baseline_mean_s": 0.014986045000000559,
      "baseline_min_s": 0.014644039000017983,
      "baseline_max_s": 0.015359740999997484,
      "speedup_vs_numpy": 0.13705924824742718,
      "baseline_throughput_elems": 66728746.64395861,
      "baseline_kind": null
    },
    {
      "name": "savi",
      "loops": 3,
      "warmups": 1,
      "mean_s": 0.08999558100000134,
      "stdev_s": 0.00043038860014240775,
      "min_s": 0.08962678399996094,
      "max_s": 0.09059931600006621,
      "throughput_elems": 11111656.693454595,
      "elements": 1000000,
      "shape_description": "1000x1000",
      "memory_mb": null,
      "baseline_mean_s": 0.006580266999966018,
      "baseline_min_s": 0.005906832999926337,
      "baseline_max_s": 0.00740342899996449,
      "speedup_vs_numpy": 0.0731176678548908,
      "baseline_throughput_elems": 151969517.3471174,
      "baseline_kind": null
    },
    {
      "name": "nbr",
      "loops": 3,
      "warmups": 1,
      "mean_s": 0.20108473266668625,
      "stdev_s": 0.0008693190750420181,
      "min_s": 0.20039837700005592,
      "max_s": 0.20231123399992157,
      "throughput_elems": 4973027.970540054,
      "elements": 1000000,
      "shape_description": "1000x1000",
      "memory_mb": null,
      "baseline_mean_s": 0.005312254999997397,
      "baseline_min_s": 0.004948928999965574,
      "baseline_max_s": 0.0058361080000395305,
      "speedup_vs_numpy": 0.02641799270162831,
      "baseline_throughput_elems": 188243975.48696175,
      "baseline_kind": null
    },
    {
      "name": "ndmi",
      "loops": 3,
      "warmups": 1,
      "mean_s": 0.20121513199997784,
      "stdev_s": 0.0007492669947610433,
      "min_s": 0.20062135899991063,
      "max_s": 0.202272068999946,
      "throughput_elems": 4969805.153620902,
      "elements": 1000000,
      "shape_description": "1000x1000",
      "memory_mb": null,
      "baseline_mean_s": 0.005459138333359685,
      "baseline_min_s": 0.005142406999993909,
      "baseline_max_s": 0.0060263760000225375,
      "speedup_vs_numpy": 0.027130853823460387,
      "baseline_throughput_elems": 183179091.4491401,
      "baseline_kind": null
    },
    {
      "name": "nbr2",
      "loops": 3,
      "warmups": 1,
      "mean_s": 0.2026825266666492,
      "stdev_s": 0.0009421140001677238,
      "min_s": 0.20135249100007968,
      "max_s": 0.20341552999991563,
      "throughput_elems": 4933824.422095815,
      "elements": 1000000,
      "shape_description": "1000x1000",
      "memory_mb": null,
      "baseline_mean_s": 0.005351165666714526,
      "baseline_min_s": 0.004994782000039777,
      "baseline_max_s": 0.005830109000044104,
      "speedup_vs_numpy": 0.02640171185311676,
      "baseline_throughput_elems": 186875171.1837719,
      "baseline_kind": null
    },
    {
      "name": "gci",
      "loops": 3,
      "warmups": 1,
      "mean_s": 0.09219802599996758,
      "stdev_s": 0.001466307116144727,
      "min_s": 0.09012485499999912,
      "max_s": 0.09327406199997768,
      "throughput_elems": 10846219.202137273,
      "elements": 1000000,
      "shape_description": "1000x1000",
      "memory_mb": null,
      "baseline_mean_s": 0.0023861203332747514,
      "baseline_min_s": 0.0021696430000019973,
      "baseline_max_s": 0.0026985669999248785,
      "speedup_vs_numpy": 0.025880384177374798,
      "baseline_throughput_elems": 419090347.6471295,
      "baseline_kind": null
    },
    {
      "name": "delta_ndvi",
      "loops": 3,
      "warmups": 1,
      "mean_s": 0.47722848333334394,
      "stdev_s": 0.0076113962215913905,
      "min_s": 0.4705169549999937,
      "max_s": 0.4878723589999936,
      "throughput_elems": 2095432.3451425266,
      "elements": 1000000,
      "shape_description": "1000x1000",
      "memory_mb": null,
      "baseline_mean_s": 0.012557969999988927,
      "baseline_min_s": 0.01229051499990419,
      "baseline_max_s": 0.01294507300008263,
      "speedup_vs_numpy": 0.02631437652730629,
      "baseline_throughput_elems": 79630704.64421254,
      "baseline_kind": null
    },
    {
      "name": "delta_nbr",
      "loops": 3,
      "warmups": 1,
      "mean_s": 0.4674219326666768,
      "stdev_s": 0.0022063879900316953,
      "min_s": 0.46444124499998907,
      "max_s": 0.4697115559999929,
      "throughput_elems": 2139394.6884240666,
      "elements": 1000000,
      "shape_description": "1000x1000",
      "memory_mb": null,
      "baseline_mean_s": 0.013000827333333595,
      "baseline_min_s": 0.012776766999991196,
      "baseline_max_s": 0.013284279000004062,
      "speedup_vs_numpy": 0.027813900942052314,
      "baseline_throughput_elems": 76918181.77109702,
      "baseline_kind": null
    },
    {
      "name": "normalized_difference",
      "loops": 3,
      "warmups": 1,
      "mean_s": 0.20242861133332704,
      "stdev_s": 0.0009564943715738044,
      "min_s": 0.2012946079998983,
      "max_s": 0.20363424399999985,
      "throughput_elems": 4940013.140500974,
      "elements": 1000000,
      "shape_description": "1000x1000",
      "memory_mb": null,
      "baseline_mean_s": 0.00545624900000045,
      "baseline_min_s": 0.005066693000003397,
      "baseline_max_s": 0.006063165000000481,
      "speedup_vs_numpy": 0.026953941757847523,
      "baseline_throughput_elems": 183276093.1548244,
      "baseline_kind": null
    },
    {
      "name": "temporal_mean",
      "loops": 3,
      "warmups": 1,
      "mean_s": 0.9609828440000001,
      "stdev_s": 0.0062059986841844885,
      "min_s": 0.9524471700000277,