{
  "meta": {
    "python": "3.12.3",
    "platform": "Linux-6.8.0-x86_64-with-glibc2.39",
    "loops": 3,
    "warmups": 1,
    "seed": 42,
    "group": "all",
    "functions": [
      "ndvi",
      "ndwi",
      "evi",
      "savi",
      "nbr",
      "ndmi",
      "nbr2",
      "gci",
      "delta_ndvi",
      "delta_nbr",
      "normalized_difference",
      "temporal_mean",
      "temporal_std",
      "median",
      "trend_analysis",
      "euclidean_distance",
      "manhattan_distance",
      "chebyshev_distance",
      "minkowski_distance",
      "moving_average_temporal",
      "moving_average_temporal_stride",
      "pixelwise_transform",
      "zonal_stats",
      "binary_dilation",
      "binary_erosion",
      "binary_opening",
      "binary_closing"
    ],
    "shape_info": {
      "height": 1000,
      "width": 1000,
      "time": 24,
      "points_a": 1000,
      "points_b": 1000,
      "point_dim": 32
    },
    "size_sweep": null,
    "sweep_shape_infos": null
  },
  "results": [
    {
      "name": "ndvi",
      "loops": 3,
      "warmups": 1,
      "mean_s": 0.0929984383332491,
      "stdev_s": 0.0003369971775400085,
      "min_s": 0.0925814279999031,
      "max_s": 0.09340676199985865,
      "throughput_elems": 10752868.73545786,
      "elements": 1000000,
      "shape_description": "1000x1000",
      "memory_mb": null,
      "baseline_mean_s": 0.00956500033332001,
      "baseline_min_s": 0.009427761999859285,
      "baseline_max_s": 0.009758505000036166,
      "speedup_vs_numpy": 0.10285119303880073,
      "baseline_throughput_elems": 104547826.98924384,
      "baseline_kind": null
    },
    {
      "name": "ndwi",
      "loops": 3,
      "warmups": 1,
      "mean_s": 0.08782371233329893,
      "stdev_s": 0.00031273796574250647,
      "min_s": 0.08738747999996122,
      "max_s": 0.0881049439999515,
      "throughput_elems": 11386446.478200667,
      "elements": 1000000,
      "shape_description": "1000x1000",
      "memory_mb": null,
      "baseline_mean_s": 0.00691586266672554,
      "baseline_min_s": 0.006856660000039483,
      "baseline_max_s": 0.006946516000198244,
      "speedup_vs_numpy": 0.0787471001052565,
      "baseline_throughput_elems": 144595121.12803,
      "baseline_kind": null
    },
    {
      "name": "evi",
      "loops": 3,
      "warmups": 1,
      "mean_s": 0.10797239333343593,
      "stdev_s": 0.0008424367935010299,
      "min_s": 0.10716702100012299,
      "max_s": 0.10913539600005606,
      "throughput_elems": 9261626.691110207,
      "elements": 1000000,
      "shape_description": "1000x1000",
      "memory_mb": null,
      "baseline_mean_s": 0.015585953000027075,
      "baseline_min_s": 0.015514665000182504,
      "baseline_max_s": 0.015695203999939622,
      "speedup_vs_numpy": 0.14435127831143996,
      "baseline_throughput_elems": 64160337.195823886,
      "baseline_kind": null
    },
    {
      "name": "savi",
      "loops": 3,
      "warmups": 1,
      "mean_s": 0.08858338866669631,
      "stdev_s": 0.0004450583938001706,
      "min_s": 0.087988790000054,
      "max_s": 0.08905944699995416,
      "throughput_elems": 11288798.21658887,
      "elements": 1000000,
      "shape_description": "1000x1000",
      "memory_mb": null,
      "baseline_mean_s": 0.008370680000022427,
      "baseline_min_s": 0.008226396000054592,
      "baseline_max_s": 0.008565467000153149,
      "speedup_vs_numpy": 0.0944949174558893,
      "baseline_throughput_elems": 119464607.41508704,
      "baseline_kind": null
    },
    {
      "name": "nbr",
      "loops": 3,
      "warmups": 1,
      "mean_s": 0.08697311500001585,
      "stdev_s": 0.0003542256153210515,
      "min_s": 0.08647255699997913,
      "max_s": 0.08724056799997015,
      "throughput_elems": 11497805.959920118,
      "elements": 1000000,
      "shape_description": "1000x1000",
      "memory_mb": null,
      "baseline_mean_s": 0.006884159333291488,
      "baseline_min_s": 0.006854096000097343,
      "baseline_max_s": 0.00693538899986379,
      "speedup_vs_numpy": 0.07915272821135858,
      "baseline_throughput_elems": 145261019.04179418,
      "baseline_kind": null
    },
    {
      "name": "ndmi",
      "loops": 3,
      "warmups": 1,
      "mean_s": 0.08791387599997809,
      "stdev_s": 0.0003114364441749631,
      "min_s": 0.08767228000010618,
      "max_s": 0.08835359799991238,
      "throughput_elems": 11374768.642896023,
      "elements": 1000000,
      "shape_description": "1000x1000",
      "memory_mb": null,
      "baseline_mean_s": 0.007017397000026904,
      "baseline_min_s": 0.00697536599977866,
      "baseline_max_s": 0.007067843000186258,
      "speedup_vs_numpy": 0.07982126735065864,
      "baseline_throughput_elems": 142502982.2306143,
      "baseline_kind": null
    },
    {
      "name": "nbr2",
      "loops": 3,
      "warmups": 1,
      "mean_s": 0.08754301733332188,
      "stdev_s": 0.00016294441579547847,
      "min_s": 0.08738213499987069,
      "max_s": 0.08776633600018613,
      "throughput_elems": 11422955.598988311,
      "elements": 1000000,
      "shape_description": "1000x1000",
      "memory_mb": null,
      "baseline_mean_s": 0.006808269333381152,
      "baseline_min_s": 0.006764783000107855,
      "baseline_max_s": 0.006869221999977526,
      "speedup_vs_numpy": 0.07777055830116665,
      "baseline_throughput_elems": 146880205.67825797,
      "baseline_kind": null
    },
    {
      "name": "gci",
      "loops": 3,
      "warmups": 1,
      "mean_s": 0.08503149699989383,
      "stdev_s": 0.000178236947123194,
      "min_s": 0.08479572199985341,
      "max_s": 0.08522658699985186,
      "throughput_elems": 11760348.050808145,
      "elements": 1000000,
      "shape_description": "1000x1000",
      "memory_mb": null,
      "baseline_mean_s": 0.0036171850000149184,
      "baseline_min_s": 0.003576783999960753,
      "baseline_max_s": 0.0036673590000191325,
      "speedup_vs_numpy": 0.042539354564337904,
      "baseline_throughput_elems": 276458074.4407255,
      "baseline_kind": null
    },
    {
      "name": "delta_ndvi",
      "loops": 3,
      "warmups": 1,
      "mean_s": 0.2580729009998777,
      "stdev_s": 0.0009242287285385238,
      "min_s": 0.25699864900002467,
      "max_s": 0.2592548409998017,
      "throughput_elems": 3874874.1000143755,
      "elements": 1000000,
      "shape_description": "1000x1000",
      "memory_mb": null,
      "baseline_mean_s": 0.01462528233332705,
      "baseline_min_s": 0.014469658000052732,
      "baseline_max_s": 0.014866213000004791,
      "speedup_vs_numpy": 0.056671127718806794,
      "baseline_throughput_elems": 68374748.41229364,
      "baseline_kind": null
    },
    {
      "name": "delta_nbr",
      "loops": 3,
      "warmups": 1,
      "mean_s": 0.25798802400004206,
      "stdev_s": 0.0008674668747659713,
      "min_s": 0.2568307490000734,
      "max_s": 0.2589192010000261,
      "throughput_elems": 3876148.9176716087,
      "elements": 1000000,
      "shape_description": "1000x1000",
      "memory_mb": null,
      "baseline_mean_s": 0.014989843333296449,
      "baseline_min_s": 0.014781975000005332,
      "baseline_max_s": 0.015297228000008545,
      "speedup_vs_numpy": 0.05810286501242401,
      "baseline_throughput_elems": 66711837.99357881,
      "baseline_kind": null
    },
    {
      "name": "normalized_difference",
      "loops": 3,
      "warmups": 1,
      "mean_s": 0.08737422933328769,
      "stdev_s": 0.00022477229117182334,
      "min_s": 0.0870887699998093,
      "max_s": 0.0876380730001074,
      "throughput_elems": 11445022.263778888,
      "elements": 1000000,
      "shape_description": "1000x1000",
      "memory_mb": null,
      "baseline_mean_s": 0.006976094666697463,
      "baseline_min_s": 0.006829431999904045,
      "baseline_max_s": 0.007230101999994076,
      "speedup_vs_numpy": 0.07984155877458163,
      "baseline_throughput_elems": 143346678.58992913,
      "baseline_kind": null
    },
    {
      "name": "temporal_mean",
      "loops": 3,