{
  "meta": {
    "python": "3.12.3",
    "platform": "Linux-6.8.0-x86_64-with-glibc2.39",
    "loops": 3,
    "warmups": 1,
    "seed": 42,
    "group": "all",
    "functions": [
      "ndvi",
      "ndwi",
      "evi",
      "savi",
      "nbr",
      "ndmi",
      "nbr2",
      "gci",
      "delta_ndvi",
      "delta_nbr",
      "normalized_difference",
      "temporal_mean",
      "temporal_std",
      "median",
      "trend_analysis",
      "euclidean_distance",
      "manhattan_distance",
      "chebyshev_distance",
      "minkowski_distance",
      "moving_average_temporal",
      "moving_average_temporal_stride",
      "pixelwise_transform",
      "zonal_stats",
      "binary_dilation",
      "binary_erosion",
      "binary_opening",
      "binary_closing"
    ],
    "shape_info": {
      "height": 1000,
      "width": 1000,
      "time": 24,
      "points_a": 1000,
      "points_b": 1000,
      "point_dim": 32
    },
    "size_sweep": null,
    "sweep_shape_infos": null
  },
  "results": [
    {
      "name": "ndvi",
      "loops": 3,
      "warmups": 1,
      "mean_s": 0.09247432999995908,
      "stdev_s": 0.00010253668274839335,
      "min_s": 0.09237221900002623,
      "max_s": 0.09261455199998636,
      "throughput_elems": 10813811.789719833,
      "elements": 1000000,
      "shape_description": "1000x1000",
      "memory_mb": null,
      "baseline_mean_s": 0.00910801000001508,
      "baseline_min_s": 0.009052527999983795,
      "baseline_max_s": 0.00915741399990111,
      "speedup_vs_numpy": 0.09849230591904921,
      "baseline_throughput_elems": 109793467.50808841,
      "baseline_kind": null
    },
    {
      "name": "ndwi",
      "loops": 3,
      "warmups": 1,
      "mean_s": 0.08641426066674285,
      "stdev_s": 0.0001288857996361393,
      "min_s": 0.08623502000000371,
      "max_s": 0.08653255000012905,
      "throughput_elems": 11572164.041957224,
      "elements": 1000000,
      "shape_description": "1000x1000",
      "memory_mb": null,
      "baseline_mean_s": 0.0059728706667101505,
      "baseline_min_s": 0.005645157000117251,
      "baseline_max_s": 0.0062211209999532,
      "speedup_vs_numpy": 0.06911903915656427,
      "baseline_throughput_elems": 167423682.14559025,
      "baseline_kind": null
    },
    {
      "name": "evi",
      "loops": 3,
      "warmups": 1,
      "mean_s": 0.1059486910000184,
      "stdev_s": 0.0002864979384744766,
      "min_s": 0.10569394899994222,
      "max_s": 0.10634892000007312,
      "throughput_elems": 9438530.95834687,
      "elements": 1000000,
      "shape_description": "1000x1000",
      "memory_mb": null,
      "baseline_mean_s": 0.014739970666672283,
      "baseline_min_s": 0.014656468000112,
      "baseline_max_s": 0.014815290000115056,
      "speedup_vs_numpy": 0.1391236694625111,
      "baseline_throughput_elems": 67842740.16644034,
      "baseline_kind": null
    },
    {
      "name": "savi",
      "loops": 3,
      "warmups": 1,
      "mean_s": 0.08793937966667424,
      "stdev_s": 0.0015807594277321391,
      "min_s": 0.08642591800003174,
      "max_s": 0.09012098800008062,
      "throughput_elems": 11371469.798745496,
      "elements": 1000000,
      "shape_description": "1000x1000",
      "memory_mb": null,
      "baseline_mean_s": 0.007690931666729739,
      "baseline_min_s": 0.0074102650000895665,
      "baseline_max_s": 0.007950868000079936,
      "speedup_vs_numpy": 0.0874571971724326,
      "baseline_throughput_elems": 130023258.99291341,
      "baseline_kind": null
    },
    {
      "name": "nbr",
      "loops": 3,
      "warmups": 1,
      "mean_s": 0.08865461666672066,
      "stdev_s": 0.00055840921078324,
      "min_s": 0.08787747199994556,
      "max_s": 0.08916470400004073,
      "throughput_elems": 11279728.429251468,
      "elements": 1000000,
      "shape_description": "1000x1000",
      "memory_mb": null,
      "baseline_mean_s": 0.006519496666745302,
      "baseline_min_s": 0.0061493890000292595,
      "baseline_max_s": 0.006817055000055916,
      "speedup_vs_numpy": 0.07353815189629716,
      "baseline_throughput_elems": 153386074.28098056,
      "baseline_kind": null
    },
    {
      "name": "ndmi",
      "loops": 3,
      "warmups": 1,
      "mean_s": 0.08720607800000835,
      "stdev_s": 0.0006861826461536112,
      "min_s": 0.0865852150000137,
      "max_s": 0.0881623939999372,
      "throughput_elems": 11467090.630998269,
      "elements": 1000000,
      "shape_description": "1000x1000",
      "memory_mb": null,
      "baseline_mean_s": 0.006070701333328543,
      "baseline_min_s": 0.005878387999928236,
      "baseline_max_s": 0.006286197999997967,
      "speedup_vs_numpy": 0.06961328238300044,
      "baseline_throughput_elems": 164725613.2516247,
      "baseline_kind": null
    },
    {
      "name": "nbr2",
      "loops": 3,
      "warmups": 1,
      "mean_s": 0.08735775366668956,
      "stdev_s": 0.00047868204719888377,
      "min_s": 0.08672560400009388,
      "max_s": 0.08788357799994628,
      "throughput_elems": 11447180.794225374,
      "elements": 1000000,
      "shape_description": "1000x1000",
      "memory_mb": null,
      "baseline_mean_s": 0.006173387999979241,
      "baseline_min_s": 0.005988484999988941,
      "baseline_max_s": 0.006385402999967482,
      "speedup_vs_numpy": 0.07066788854866377,
      "baseline_throughput_elems": 161985606.60748404,
      "baseline_kind": null
    },
    {
      "name": "gci",
      "loops": 3,
      "warmups": 1,
      "mean_s": 0.0864287989999563,
      "stdev_s": 0.0002687832080633395,
      "min_s": 0.08622089999994387,
      "max_s": 0.08680833900007201,
      "throughput_elems": 11570217.4688382,
      "elements": 1000000,
      "shape_description": "1000x1000",
      "memory_mb": null,
      "baseline_mean_s": 0.003234213333371372,
      "baseline_min_s": 0.003139729999929841,
      "baseline_max_s": 0.0033902820000548672,
      "speedup_vs_numpy": 0.037420551607722875,
      "baseline_throughput_elems": 309194198.68867815,
      "baseline_kind": null
    },
    {
      "name": "delta_ndvi",
      "loops": 3,
      "warmups": 1,
      "mean_s": 0.2603925346666074,
      "stdev_s": 0.00068380471906087,
      "min_s": 0.25965520499994454,
      "max_s": 0.2613030869999875,
      "throughput_elems": 3840355.8737977888,
      "elements": 1000000,
      "shape_description": "1000x1000",
      "memory_mb": null,
      "baseline_mean_s": 0.011896886333412718,
      "baseline_min_s": 0.011376319999953921,
      "baseline_max_s": 0.012372192000157156,
      "speedup_vs_numpy": 0.04568827731042617,
      "baseline_throughput_elems": 84055606.81801873,
      "baseline_kind": null
    },
    {
      "name": "delta_nbr",
      "loops": 3,
      "warmups": 1,
      "mean_s": 0.25956615333340477,
      "stdev_s": 0.003370987477965683,
      "min_s": 0.25534819400013475,
      "max_s": 0.2635991780000495,
      "throughput_elems": 3852582.4232388674,
      "elements": 1000000,
      "shape_description": "1000x1000",
      "memory_mb": null,
      "baseline_mean_s": 0.014119913999972292,
      "baseline_min_s": 0.013773997000043892,
      "baseline_max_s": 0.014344245999836858,
      "speedup_vs_numpy": 0.05439813249393766,
      "baseline_throughput_elems": 70821961.09706917,
      "baseline_kind": null
    },
    {
      "name": "normalized_difference",
      "loops": 3,
      "warmups": 1,
      "mean_s": 0.08787686699997721,
      "stdev_s": 0.0006895860737481765,
      "min_s": 0.08721465200005696,
      "max_s": 0.08882797199999004,
      "throughput_elems": 11379559.082372148,
      "elements": 1000000,
      "shape_description": "1000x1000",
      "memory_mb": null,
      "baseline_mean_s": 0.007045270666670452,
      "baseline_min_s": 0.006960682999988421,
      "baseline_max_s": 0.00709864500004187,
      "speedup_vs_numpy": 0.08017207380267982,
      "baseline_throughput_elems": 141939188.33108413,
      "baseline_kind": null
    },
    {
      "name": "temporal_mean",
      "loops": 3,