{
  "meta": {
    "python": "3.12.3",
    "platform": "Linux-6.8.0-x86_64-with-glibc2.39",
    "loops": 3,
    "warmups": 1,
    "seed": 42,
    "group": "all",
    "functions": [
      "ndvi",
      "ndwi",
      "evi",
      "savi",
      "nbr",
      "ndmi",
      "nbr2",
      "gci",
      "delta_ndvi",
      "delta_nbr",
      "normalized_difference",
      "temporal_mean",
      "temporal_std",
      "median",
      "euclidean_distance",
      "manhattan_distance",
      "chebyshev_distance",
      "minkowski_distance",
      "moving_average_temporal",
      "moving_average_temporal_stride",
      "pixelwise_transform"
    ],
    "shape_info": {
      "height": 1000,
      "width": 1000,
      "time": 24,
      "points_a": 1000,
      "points_b": 1000,
      "point_dim": 32
    },
    "size_sweep": null,
    "sweep_shape_infos": null
  },
  "results": [
    {
      "name": "ndvi",
      "loops": 3,
      "warmups": 1,
      "mean_s": 0.1981152179999602,
      "stdev_s": 0.0005447665548264866,
      "min_s": 0.19766810400005852,
      "max_s": 0.1988821189997907,
      "throughput_elems": 5047567.8249017745,
      "elements": 1000000,
      "shape_description": "1000x1000",
      "memory_mb": null,
      "baseline_mean_s": 0.007113573333147845,
      "baseline_min_s": 0.006982038999922224,
      "baseline_max_s": 0.007303883999611571,
      "speedup_vs_numpy": 0.03590624387647633,
      "baseline_throughput_elems": 140576325.45097944,
      "baseline_kind": null
    },
    {
      "name": "ndwi",
      "loops": 3,
      "warmups": 1,
      "mean_s": 0.1964418416666073,
      "stdev_s": 0.0005689892930131004,
      "min_s": 0.19573737099972277,
      "max_s": 0.19713084700015315,
      "throughput_elems": 5090565.184667517,
      "elements": 1000000,
      "shape_description": "1000x1000",
      "memory_mb": null,
      "baseline_mean_s": 0.0035670706667284926,
      "baseline_min_s": 0.003279947999999422,
      "baseline_max_s": 0.003985560000273836,
      "speedup_vs_numpy": 0.018158405747296814,
      "baseline_throughput_elems": 280342077.1355621,
      "baseline_kind": null
    },
    {
      "name": "evi",
      "loops": 3,
      "warmups": 1,
      "mean_s": 0.10667275799990723,
      "stdev_s": 0.0009261947567404465,
      "min_s": 0.10536317500009318,
      "max_s": 0.1073498959999597,
      "throughput_elems": 9374464.659485692,
      "elements": 1000000,
      "shape_description": "1000x1000",
      "memory_mb": null,
      "baseline_mean_s": 0.01218516099985815,
      "baseline_min_s": 0.011904438999863487,
      "baseline_max_s": 0.012683391999871674,
      "speedup_vs_numpy": 0.11422936116331357,
      "baseline_throughput_elems": 82067032.18871225,
      "baseline_kind": null
    },
    {
      "name": "savi",
      "loops": 3,
      "warmups": 1,
      "mean_s": 0.0866671620001398,
      "stdev_s": 0.0001034392737369176,
      "min_s": 0.08656933700012814,
      "max_s": 0.08681026700014627,
      "throughput_elems": 11538395.592074273,
      "elements": 1000000,
      "shape_description": "1000x1000",
      "memory_mb": null,
      "baseline_mean_s": 0.004705385666663157,
      "baseline_min_s": 0.004311139000037656,
      "baseline_max_s": 0.005152618000010989,
      "speedup_vs_numpy": 0.05429260123523564,
      "baseline_throughput_elems": 212522430.85722533,
      "baseline_kind": null
    },
    {
      "name": "nbr",
      "loops": 3,
      "warmups": 1,
      "mean_s": 0.1966190859998278,
      "stdev_s": 0.0009726564001596404,
      "min_s": 0.195248404999802,
      "max_s": 0.19740450599965698,
      "throughput_elems": 5085976.241395384,
      "elements": 1000000,
      "shape_description": "1000x1000",
      "memory_mb": null,
      "baseline_mean_s": 0.0036940563333397827,
      "baseline_min_s": 0.003306751999843982,
      "baseline_max_s": 0.004165369000020291,
      "speedup_vs_numpy": 0.018787882745742283,
      "baseline_throughput_elems": 270705130.0151408,
      "baseline_kind": null
    },
    {
      "name": "ndmi",
      "loops": 3,
      "warmups": 1,
      "mean_s": 0.19644251733340448,
      "stdev_s": 0.0010624774460033554,
      "min_s": 0.19513842200012732,
      "max_s": 0.19774093100022583,
      "throughput_elems": 5090547.6755970735,
      "elements": 1000000,
      "shape_description": "1000x1000",
      "memory_mb": null,
      "baseline_mean_s": 0.004035663666551652,
      "baseline_min_s": 0.0038691559998369485,
      "baseline_max_s": 0.004349382999862428,
      "speedup_vs_numpy": 0.020543738297256073,
      "baseline_throughput_elems": 247790718.60923156,
      "baseline_kind": null
    },
    {
      "name": "nbr2",
      "loops": 3,
      "warmups": 1,
      "mean_s": 0.19583099666670023,
      "stdev_s": 0.0008287509955527981,
      "min_s": 0.19503313499990327,
      "max_s": 0.1969734360000075,
      "throughput_elems": 5106443.908376653,
      "elements": 1000000,
      "shape_description": "1000x1000",
      "memory_mb": null,
      "baseline_mean_s": 0.0036671670000032464,
      "baseline_min_s": 0.003422856999804935,
      "baseline_max_s": 0.004006432000096538,
      "speedup_vs_numpy": 0.01872618258816646,
      "baseline_throughput_elems": 272690062.92844445,
      "baseline_kind": null
    },
    {
      "name": "gci",
      "loops": 3,
      "warmups": 1,
      "mean_s": 0.08428977533336972,
      "stdev_s": 0.00019990343286498694,
      "min_s": 0.0840403340002922,
      "max_s": 0.0845297189998746,
      "throughput_elems": 11863835.15728873,
      "elements": 1000000,
      "shape_description": "1000x1000",
      "memory_mb": null,
      "baseline_mean_s": 0.001788822333310236,
      "baseline_min_s": 0.0015489540000999114,
      "baseline_max_s": 0.002128336000168929,
      "speedup_vs_numpy": 0.021222293288069235,
      "baseline_throughput_elems": 559027009.7698796,
      "baseline_kind": null
    },
    {
      "name": "delta_ndvi",
      "loops": 3,
      "warmups": 1,
      "mean_s": 0.4617802003332751,
      "stdev_s": 0.0006655180935259228,
      "min_s": 0.46084600599988335,
      "max_s": 0.46234645499998805,
      "throughput_elems": 2165532.4313997915,
      "elements": 1000000,
      "shape_description": "1000x1000",
      "memory_mb": null,
      "baseline_mean_s": 0.010411773333089513,
      "baseline_min_s": 0.00987755100004506,
      "baseline_max_s": 0.010735665999618504,
      "speedup_vs_numpy": 0.022547032821188844,
      "baseline_throughput_elems": 96045118.15695351,
      "baseline_kind": null
    },
    {
      "name": "delta_nbr",
      "loops": 3,
      "warmups": 1,
      "mean_s": 0.4553581856666824,
      "stdev_s": 0.0005935815441415898,
      "min_s": 0.4545312089999243,
      "max_s": 0.4558965370001715,
      "throughput_elems": 2196073.4021634343,
      "elements": 1000000,
      "shape_description": "1000x1000",
      "memory_mb": null,
      "baseline_mean_s": 0.010114010666408527,
      "baseline_min_s": 0.009781353999642306,
      "baseline_max_s": 0.010325167999781115,
      "speedup_vs_numpy": 0.022211109813697037,
      "baseline_throughput_elems": 98872745.2425259,
      "baseline_kind": null
    },
    {
      "name": "normalized_difference",
      "loops": 3,
      "warmups": 1,
      "mean_s": 0.19777510366672382,
      "stdev_s": 0.0007172082709717366,
      "min_s": 0.19687572800012276,
      "max_s": 0.19863089999989825,
      "throughput_elems": 5056248.139731111,
      "elements": 1000000,
      "shape_description": "1000x1000",
      "memory_mb": null,
      "baseline_mean_s": 0.0035571293334821044,
      "baseline_min_s": 0.003372327999841218,
      "baseline_max_s": 0.0038482890004161163,
      "speedup_vs_numpy": 0.017985728575201858,
      "baseline_throughput_elems": 281125566.7842393,
      "baseline_kind": null
    },
    {
      "name": "temporal_mean",
      "loops": 3,
      "warmups": 1,
      "mean_s": 0.9454240660000627,
      "stdev_s": 0.01040165599508428,
      "min_s": 0.9376431529999536,